period,feature,psi,ks_stat
2025-01-05,age,0.01181206128307196,0.026
2025-01-05,income,0.016647970664979327,0.0408
2025-01-05,credit_score,0.015061556190479788,0.0468
2025-01-05,tenure_months,0.010354773318221383,0.0274
2025-01-12,age,0.0270858763093979,0.05834285714285714
2025-01-12,income,0.013965810723781585,0.0404
2025-01-12,credit_score,0.007257074338055527,0.04008571428571429
2025-01-12,tenure_months,0.001393899948354978,0.013971428571428572
2025-01-19,age,0.03532871245269428,0.083
2025-01-19,income,0.020569489779762085,0.05897142857142857
2025-01-19,credit_score,0.004623907549085146,0.02082857142857143
2025-01-19,tenure_months,0.0066629099132239295,0.020485714285714284
2025-01-26,age,0.09470752153082587,0.1276
2025-01-26,income,0.03935472956487808,0.08471428571428571
2025-01-26,credit_score,0.004509381382280046,0.029371428571428573
2025-01-26,tenure_months,0.010497888816152448,0.036457142857142855
2025-02-02,age,0.16340980637219146,0.17168571428571427
2025-02-02,income,0.06875849821573203,0.10557142857142857
2025-02-02,credit_score,0.006567305850868862,0.030542857142857142
2025-02-02,tenure_months,0.02141882363523711,0.05802857142857143
2025-02-09,age,0.22369657066736864,0.1966857142857143
2025-02-09,income,0.12280452446190288,0.1352857142857143
2025-02-09,credit_score,0.0030689003405649997,0.028685714285714287
2025-02-09,tenure_months,0.03218769667792827,0.074
2025-02-16,age,0.3495028573183522,0.24845714285714285
2025-02-16,income,0.1495728498729766,0.15248571428571428
2025-02-16,credit_score,0.0048981482871026105,0.025142857142857144
2025-02-16,tenure_months,0.033104325348777885,0.07551428571428571
2025-02-23,age,0.4306394302282839,0.27217142857142856
2025-02-23,income,0.21788782047631114,0.19902857142857142
2025-02-23,credit_score,0.010577767309693164,0.0298
2025-02-23,tenure_months,0.048662553978554825,0.09408571428571429
2025-03-02,age,0.6275473832296828,0.3183142857142857
2025-03-02,income,0.26105947222114434,0.2112857142857143
2025-03-02,credit_score,0.006866240689735357,0.025342857142857143
2025-03-02,tenure_months,0.07195427593952089,0.11891428571428571
2025-03-09,age,0.7966939913417467,0.3723142857142857
2025-03-09,income,0.27036557321699306,0.21542857142857144
2025-03-09,credit_score,0.004959883350331789,0.01877142857142857
2025-03-09,tenure_months,0.102476698246488,0.1266857142857143
2025-03-16,age,0.952735267657309,0.38677142857142854
2025-03-16,income,0.31042744830487307,0.22177142857142856
2025-03-16,credit_score,0.004022071988589776,0.0212
2025-03-16,tenure_months,0.1163513679050167,0.1399142857142857
2025-03-23,age,1.0393358998784004,0.4041142857142857
2025-03-23,income,0.40179707957458144,0.2515142857142857
2025-03-23,credit_score,0.00857404294180877,0.028857142857142856
2025-03-23,tenure_months,0.1852791331675607,0.17322857142857143
2025-03-30,age,1.4673776439647022,0.4754285714285714
2025-03-30,income,0.399840372723575,0.25902857142857144
2025-03-30,credit_score,0.011647837324613363,0.038
2025-03-30,tenure_months,0.2311731447657741,0.1914
2025-04-06,age,1.6562754767190455,0.5146
2025-04-06,income,0.49136863193105534,0.274
2025-04-06,credit_score,0.06583832950277516,0.0664
2025-04-06,tenure_months,0.3791398939003319,0.2506
