period,auc,target_rate
2025-01-05,0.7823908730158731,0.28
2025-01-12,0.7489989536802285,0.28285714285714286
2025-01-19,0.7518109380659181,0.28285714285714286
2025-01-26,0.7486789072995969,0.275
2025-02-02,0.7132904749409603,0.2642857142857143
2025-02-09,0.734265910311493,0.24
2025-02-16,0.7017618487595884,0.24214285714285713
2025-02-23,0.6706131315254711,0.2392857142857143
2025-03-02,0.6872783913905409,0.2357142857142857
2025-03-09,0.6814607183381829,0.23857142857142857
2025-03-16,0.6659175489107707,0.21642857142857144
2025-03-23,0.6523230799663715,0.20857142857142857
2025-03-30,0.6455153828879407,0.21785714285714286
2025-04-06,0.6485657309403283,0.205
